{
    "foreground_intensity_properties_per_channel": {
        "0": {
            "max": 255.0,
            "mean": 72.73863220214844,
            "median": 56.0,
            "min": 0.0,
            "percentile_00_5": 1.0,
            "percentile_99_5": 249.0,
            "std": 58.07585906982422
        }
    },
    "median_relative_size_after_cropping": 1.0,
    "shapes_after_crop": [
        [
            1,
            432,
            432
        ],
        [
            1,
            432,
            432
        ],
        [
            1,
            432,
            432
        ],
        [
            1,
            432,
            432
        ],
        [
            1,
            432,
            432
        ],
        [
            1,
            432,
            432
        ],
        [
            1,
            432,
            432
        ],
        [
            1,
            432,
            432
        ],
        [
            1,
            432,
            432
        ],
        [
            1,
            432,
            432
        ],
        [
            1,
            432,
            432
        ],
        [
            1,
            432,
            432
        ],
        [
            1,
            432,
            432
        ],
        [
            1,
            432,
            432
        ],
        [
            1,
            432,
            432
        ],
        [
            1,
            432,
            432
        ],
        [
            1,
            432,
            432
        ],
        [
            1,
            432,
            432
        ],
        [
            1,
            432,
            432
        ],
        [
            1,
            432,
            432
        ],
        [
            1,
            432,
            432
        ]
    ],
    "spacings": [
        [
            999,
            1,
            1
        ],
        [
            999,
            1,
            1
        ],
        [
            999,
            1,
            1
        ],
        [
            999,
            1,
            1
        ],
        [
            999,
            1,
            1
        ],
        [
            999,
            1,
            1
        ],
        [
            999,
            1,
            1
        ],
        [
            999,
            1,
            1
        ],
        [
            999,
            1,
            1
        ],
        [
            999,
            1,
            1
        ],
        [
            999,
            1,
            1
        ],
        [
            999,
            1,
            1
        ],
        [
            999,
            1,
            1
        ],
        [
            999,
            1,
            1
        ],
        [
            999,
            1,
            1
        ],
        [
            999,
            1,
            1
        ],
        [
            999,
            1,
            1
        ],
        [
            999,
            1,
            1
        ],
        [
            999,
            1,
            1
        ],
        [
            999,
            1,
            1
        ],
        [
            999,
            1,
            1
        ]
    ]
}